,name,album,artist,release_date,duration_ms,popularity,danceability,acousticness,danceability,energy,instrumentalness,liveness,loudness,speechiness,tempo,time_signature,valence,explicit
0,The Box,Please Excuse Me for Being Antisocial,Roddy Ricch,2019-12-06,196652,86,0.896,0.104,0.896,0.586,0.0,0.79,-6.687,0.0559,116.971,4,0.642,True
1,Blinding Lights,After Hours,The Weeknd,2020-03-20,200040,94,0.514,0.00146,0.514,0.73,9.54e-05,0.0897,-5.934,0.0598,171.005,4,0.334,False
2,Blueberry Faygo,Certified Hitmaker,Lil Mosey,2020-02-06,162546,81,0.774,0.207,0.774,0.554,0.0,0.132,-7.909,0.0383,99.034,4,0.349,True
3,ROCKSTAR (feat. Roddy Ricch),BLAME IT ON BABY,DaBaby,2020-04-17,181733,86,0.746,0.247,0.746,0.69,0.0,0.101,-7.956,0.164,89.977,4,0.497,True
4,Life Is Good (feat. Drake),High Off Life,Future,2020-05-15,237918,77,0.795,0.067,0.795,0.574,0.0,0.15,-6.903,0.487,142.053,4,0.537,True
5,Circles,Hollywood's Bleeding,Post Malone,2019-09-06,215280,89,0.695,0.192,0.695,0.762,0.00244,0.0863,-3.497,0.0395,120.042,4,0.553,False
6,ROXANNE,ROXANNE,Arizona Zervas,2019-10-10,163636,83,0.621,0.0522,0.621,0.601,0.0,0.46,-5.616,0.148,116.735,5,0.457,True
7,Watermelon Sugar,Fine Line,Harry Styles,2019-12-13,174000,91,0.548,0.122,0.548,0.816,0.0,0.335,-4.209,0.0465,95.39,4,0.557,False
8,WAP (feat. Megan Thee Stallion),WAP (feat. Megan Thee Stallion),Cardi B,2020-08-07,187541,86,0.935,0.0194,0.935,0.454,0.0,0.0824,-7.509,0.375,133.073,4,0.357,True
9,Falling,Nicotine,Trevor Daniel,2020-03-26,159381,28,0.784,0.123,0.784,0.43,0.0,0.0887,-8.756,0.0364,127.087,4,0.236,False
10,WHATS POPPIN,Sweet Action,Jack Harlow,2020-03-13,139741,82,0.923,0.017,0.923,0.604,0.0,0.272,-6.671,0.245,145.062,4,0.826,True
11,Don't Start Now,Future Nostalgia,Dua Lipa,2020-03-27,183290,85,0.793,0.0123,0.793,0.793,0.0,0.0951,-4.521,0.083,123.95,4,0.679,False
12,Roses - Imanbek Remix,While The World Was Burning,SAINt JHN,2020-11-20,176867,0,0.769,0.0143,0.769,0.719,0.00777,0.359,-5.472,0.0474,121.955,4,0.863,True
13,Intentions (feat. Quavo),Changes,Justin Bieber,2020-02-14,212866,79,0.806,0.3,0.806,0.546,0.0,0.102,-6.637,0.0575,147.986,4,0.874,False
14,Say So,Hot Pink,Doja Cat,2019-11-07,237893,85,0.787,0.264,0.787,0.673,3.35e-06,0.0904,-4.583,0.159,110.962,4,0.779,True
15,Adore You,Fine Line,Harry Styles,2019-12-13,207133,87,0.676,0.0237,0.676,0.771,7e-06,0.102,-3.675,0.0483,99.048,4,0.569,False
16,Toosie Slide,Dark Lane Demo Tapes,Drake,2020-05-01,247058,74,0.83,0.289,0.83,0.49,3.04e-06,0.113,-8.82,0.209,81.604,4,0.845,True
17,High Fashion (feat. Mustard),Please Excuse Me for Being Antisocial,Roddy Ricch,2019-12-06,220486,79,0.831,0.269,0.831,0.499,0.0,0.3,-8.442,0.114,97.956,4,0.511,True
18,death bed (coffee for your head),death bed (coffee for your head),Powfu,2020-02-08,173333,87,0.726,0.731,0.726,0.431,0.0,0.696,-8.765,0.135,144.026,4,0.348,False
19,Sunflower - Spider-Man: Into the Spider-Verse,Hollywood's Bleeding,Post Malone,2019-09-06,157560,83,0.755,0.533,0.755,0.522,0.0,0.0685,-4.368,0.0575,89.96,4,0.925,False
20,Godzilla (feat. Juice WRLD),Music To Be Murdered By,Eminem,2020-01-17,210800,87,0.808,0.145,0.808,0.745,0.0,0.292,-5.26,0.342,165.995,4,0.829,True
21,Sunday Best,Where the Light Is,Surfaces,2019-01-06,158571,81,0.878,0.183,0.878,0.525,0.0,0.0714,-6.832,0.0578,112.022,4,0.694,False
22,Ballin' (with Roddy Ricch),Perfect Ten,Mustard,2019-06-28,180434,82,0.809,0.392,0.809,0.545,0.0,0.151,-6.678,0.0735,97.008,4,0.244,True
23,Lucid Dreams,Goodbye & Good Riddance,Juice WRLD,2018-12-10,239835,88,0.511,0.349,0.511,0.566,0.0,0.34,-7.23,0.2,83.903,4,0.218,True
24,Dance Monkey,Dance Monkey,Tones And I,2019-05-10,209754,68,0.826,0.688,0.826,0.593,0.000161,0.17,-6.401,0.0976,98.083,4,0.541,False
25,BOP,KIRK,DaBaby,2019-09-27,159714,81,0.769,0.189,0.769,0.787,0.0,0.129,-3.909,0.367,126.77,4,0.836,True
26,Someone You Loved,Divinely Uninspired To A Hellish Extent,Lewis Capaldi,2019-05-17,182160,89,0.501,0.751,0.501,0.405,0.0,0.105,-5.679,0.0319,109.891,4,0.446,False
27,Bandit (with YoungBoy Never Broke Again),Bandit (with YoungBoy Never Broke Again),Juice WRLD,2019-10-04,189322,83,0.474,0.0687,0.474,0.631,0.0,0.132,-5.884,0.343,180.051,4,0.425,True
28,THE SCOTTS,THE SCOTTS,THE SCOTTS,2020-04-24,165977,81,0.716,0.233,0.716,0.537,0.0,0.157,-7.648,0.0514,129.979,4,0.28,True
29,hot girl bummer,everything means nothing,blackbear,2020-08-21,188343,47,0.782,0.125,0.782,0.559,0.0,0.385,-7.106,0.0767,129.992,1,0.685,True
30,everything i wanted,everything i wanted,Billie Eilish,2019-11-13,245425,85,0.704,0.902,0.704,0.225,0.657,0.106,-14.454,0.0994,120.006,4,0.243,False
31,Robbery,Death Race For Love,Juice WRLD,2019-03-08,240050,86,0.685,0.328,0.685,0.692,0.0,0.153,-5.122,0.0457,159.966,5,0.578,True
32,For The Night (feat. Lil Baby & DaBaby),Shoot For The Stars Aim For The Moon,Pop Smoke,2020-07-03,190476,86,0.823,0.114,0.823,0.586,0.0,0.193,-6.606,0.2,125.971,4,0.347,True
33,Mood (feat. iann dior),Mood (feat. iann dior),24kGoldn,2020-07-24,140525,23,0.7,0.221,0.7,0.722,0.0,0.272,-3.558,0.0369,90.989,4,0.756,True
34,HIGHEST IN THE ROOM,HIGHEST IN THE ROOM,Travis Scott,2019-10-04,175720,86,0.598,0.0546,0.598,0.427,5.83e-06,0.21,-8.764,0.0317,76.469,4,0.0605,True
35,Party Girl,Fallin',StaySolidRocky,2020-07-15,147800,72,0.73,0.747,0.73,0.439,0.0,0.0988,-9.864,0.0609,130.09,4,0.615,False
36,All Girls Are The Same,Goodbye & Good Riddance,Juice WRLD,2018-12-10,165819,87,0.671,0.0769,0.671,0.529,0.000335,0.0856,-7.226,0.307,161.989,4,0.203,True
37,Wishing Well,Legends Never Die,Juice WRLD,2020-07-10,194621,85,0.65,0.00336,0.65,0.613,0.0,0.267,-6.13,0.128,149.972,4,0.0804,True
38,Before You Go,Divinely Uninspired To A Hellish Extent (Extended Edition),Lewis Capaldi,2019-11-22,215106,87,0.459,0.604,0.459,0.575,0.0,0.0885,-4.858,0.0573,111.881,4,0.183,False
39,Come & Go (with Marshmello),Legends Never Die,Juice WRLD,2020-07-10,205484,86,0.625,0.0172,0.625,0.814,0.0,0.158,-5.181,0.0657,144.991,4,0.535,True
40,"WHATS POPPIN (feat. DaBaby, Tory Lanez & Lil Wayne) - Remix","WHATS POPPIN (feat. DaBaby, Tory Lanez & Lil Wayne) [Remix]",Jack Harlow,2020-06-24,227478,81,0.904,0.0631,0.904,0.723,0.0,0.185,-5.224,0.26,145.013,4,0.835,True
41,Laugh Now Cry Later (feat. Lil Durk),Laugh Now Cry Later (feat. Lil Durk),Drake,2020-08-14,261492,85,0.761,0.244,0.761,0.518,3.47e-05,0.107,-8.871,0.134,133.976,4,0.522,True
42,Righteous,Legends Never Die,Juice WRLD,2020-07-10,242180,81,0.706,0.0417,0.706,0.625,0.0,0.129,-7.426,0.0314,142.948,4,0.225,True
43,Suicidal,Melly vs. Melvin,YNW Melly,2019-11-22,222997,80,0.735,0.334,0.735,0.369,0.0,0.126,-9.682,0.0688,140.004,4,0.235,True
44,goosebumps,Birds In The Trap Sing McKnight,Travis Scott,2016-09-16,243836,88,0.841,0.0847,0.841,0.728,0.0,0.149,-3.37,0.0484,130.049,4,0.43,True
45,Walk Em Down (feat. Roddy Ricch),Top Shotta,NLE Choppa,2020-08-10,173288,75,0.867,0.268,0.867,0.744,0.0,0.0713,-5.171,0.227,84.005,4,0.645,True
46,After Party,Heaven Or Hell,Don Toliver,2020-03-13,167915,83,0.629,0.00981,0.629,0.692,0.331,0.603,-8.045,0.0376,162.948,4,0.453,True
47,"Lemonade (feat. Gunna, Don Toliver & NAV)",B4 The Storm,Internet Money,2020-08-28,195428,82,0.8,0.25,0.8,0.658,0.0,0.111,-6.142,0.079,140.042,4,0.462,True
48,If the World Was Ending (feat. Julia Michaels),If the World Was Ending (feat. Julia Michaels),JP Saxe,2019-10-17,208687,83,0.464,0.866,0.464,0.473,0.0,0.109,-10.086,0.129,75.801,4,0.604,False
49,SICKO MODE,ASTROWORLD,Travis Scott,2018-08-03,312820,86,0.834,0.00513,0.834,0.73,0.0,0.124,-3.714,0.222,155.008,4,0.446,True
